workload,variant,structure,n,time_ms,steps,moves,comparisons
W1,-,DynamicArray,100,0.423,10000,0,0
W1,-,MyLinkedList,100,1.026,501508,0,0
W2,-,DynamicArray,100,0.552,75572,0,75572
W2,-,MyLinkedList,100,0.328,74572,0,75572
W3,head,DynamicArray,100,6.086,1201920,1201920,0
W3,head,MyLinkedList,100,0.103,0,3000,0
W3,middle,DynamicArray,100,0.187,1101920,1101920,0
W3,middle,MyLinkedList,100,0.305,98000,3000,0
W1,-,DynamicArray,1000,0.057,10000,0,0
W1,-,MyLinkedList,1000,9.183,5005208,0,0
W2,-,DynamicArray,1000,0.413,752172,0,752172
W2,-,MyLinkedList,1000,2.272,751172,0,752172
W3,head,DynamicArray,1000,0.289,3001024,3001024,0
W3,head,MyLinkedList,1000,0.051,0,3000,0
W3,middle,DynamicArray,1000,0.233,2001024,2001024,0
W3,middle,MyLinkedList,1000,1.942,998000,3000,0
W1,-,DynamicArray,10000,0.045,10000,0,0
W1,-,MyLinkedList,10000,106.795,50129208,0,0
W2,-,DynamicArray,10000,3.746,7399384,0,7399384
W2,-,MyLinkedList,10000,23.765,7398384,0,7399384
W3,head,DynamicArray,10000,1.357,21000000,21000000,0
W3,head,MyLinkedList,10000,0.027,0,3000,0
W3,middle,DynamicArray,10000,0.742,11000000,11000000,0
W3,middle,MyLinkedList,10000,22.762,9998000,3000,0
W1,-,DynamicArray,100000,0.010,10000,0,0
W1,-,MyLinkedList,100000,1937.454,502489208,0,0
W2,-,DynamicArray,100000,44.033,73728608,0,73728608
W2,-,MyLinkedList,100000,419.545,73727608,0,73728608
W3,head,DynamicArray,100000,24.951,201000000,201000000,0
W3,head,MyLinkedList,100000,0.010,0,3000,0
W3,middle,DynamicArray,100000,13.036,101000000,101000000,0
W3,middle,MyLinkedList,100000,450.209,99998000,3000,0
